{"cameraMode":{"drawMode":0,"name":"Shaded","section":"Shading Mode"},"sceneLighting":false,"audioPlay":false,"sceneViewState":{"m_AlwaysRefresh":false,"showFog":true,"showSkybox":false,"showFlares":true,"showImageEffects":true,"showParticleSystems":true,"showVisualEffectGraphs":true,"m_FxEnabled":true},"in2DMode":false,"pivot":{"x":-0.23255743086338044,"y":1.1011755466461182,"z":0.11456829309463501},"rotation":{"x":-0.005526295863091946,"y":-0.7071937918663025,"z":0.005516991019248962,"w":-0.707160234451294},"size":2.015564441680908,"orthographic":true}