{"cameraMode":{"drawMode":0,"name":"Shaded","section":"Shading Mode"},"sceneLighting":false,"audioPlay":false,"sceneViewState":{"m_AlwaysRefresh":false,"showFog":true,"showSkybox":false,"showFlares":true,"showImageEffects":true,"showParticleSystems":true,"showVisualEffectGraphs":true,"m_FxEnabled":true},"in2DMode":false,"pivot":{"x":0.001934647560119629,"y":1.7919141054153443,"z":0.8558650016784668},"rotation":{"x":0.009165259078145028,"y":-0.7197687029838562,"z":-0.009490344673395157,"w":-0.6942761540412903},"size":3.120137929916382,"orthographic":true}