{"cameraMode":{"drawMode":0,"name":"Shaded","section":"Shading Mode"},"sceneLighting":false,"audioPlay":false,"sceneViewState":{"m_AlwaysRefresh":false,"showFog":true,"showSkybox":false,"showFlares":true,"showImageEffects":true,"showParticleSystems":true,"showVisualEffectGraphs":true,"m_FxEnabled":true},"in2DMode":false,"pivot":{"x":0.001934647560119629,"y":1.7919141054153443,"z":0.8558650016784668},"rotation":{"x":-0.08511865884065628,"y":-0.8058123588562012,"z":0.11959735304117203,"w":-0.5739147067070007},"size":3.120137929916382,"orthographic":true}