{"cameraMode":{"drawMode":0,"name":"Shaded","section":"Shading Mode"},"sceneLighting":true,"audioPlay":false,"sceneViewState":{"m_AlwaysRefresh":false,"showFog":true,"showSkybox":true,"showFlares":true,"showImageEffects":true,"showParticleSystems":true,"showVisualEffectGraphs":true,"m_FxEnabled":true},"in2DMode":false,"pivot":{"x":781.3446044921875,"y":454.8969421386719,"z":-299.6632385253906},"rotation":{"x":0.1059907078742981,"y":0.014021998271346093,"z":0.0014404745306819678,"w":-0.9943531155586243},"size":757.4987182617188,"orthographic":true}