{"cameraMode":{"drawMode":0,"name":"Shaded","section":"Shading Mode"},"sceneLighting":true,"audioPlay":false,"sceneViewState":{"m_AlwaysRefresh":false,"showFog":true,"showSkybox":true,"showFlares":true,"showImageEffects":true,"showParticleSystems":true,"showVisualEffectGraphs":true,"m_FxEnabled":true},"in2DMode":false,"pivot":{"x":-0.02094626985490322,"y":1.313369870185852,"z":0.7386961579322815},"rotation":{"x":-0.16939546167850495,"y":-0.39754778146743777,"z":0.07500884681940079,"w":-0.8988497853279114},"size":3.0430526733398439,"orthographic":true}